﻿<?xml version="1.0" encoding="UTF-8"?>
<Configuration status="info" strict="true" name="JvmPractice" monitorInterval="10">
	<Properties>
		<Property name="logPrefix">../logs/giftpack</Property>
	</Properties>
	<Appenders>
		<Appender type="console" name="console">
			<Layout type="PatternLayout" pattern="%d{yyyy-MM-dd HH:mm:ss.SSS} %p [%t] %c.%M:%L - %m%ex%n" />
		</Appender>		
	</Appenders>

	<Loggers>
		<AsyncRoot level="info">
			<AppenderRef ref="console" />
		</AsyncRoot>
		<!--  
		<AsyncLogger name="org.springframework" level="error"/>
		-->
	</Loggers>	
</Configuration>